{"cameraMode":{"drawMode":0,"name":"Shaded","section":"Shading Mode"},"sceneLighting":true,"audioPlay":false,"sceneViewState":{"showFog":true,"showMaterialUpdate":true,"showSkybox":true,"showFlares":true,"showImageEffects":true,"showParticleSystems":true},"in2DMode":false,"pivot":{"x":-1483.834716796875,"y":2093.67626953125,"z":13143.3271484375},"rotation":{"x":0.06516483426094055,"y":-0.720028817653656,"z":0.06824459880590439,"w":0.6875060200691223},"size":1.4217133522033692,"orthographic":false}